# --- Sample dataset
 
# --- !Ups
 
insert into department (id,name) values ( 1,'Computing' );
insert into department (id,name) values ( 2,'Operating System' );
insert into department (id,name) values ( 3,'Web Development' );
insert into department (id,name) values ( 4,'Networking' );

insert into address (aid, address) values (1, '122 Abby Lawns, Dublin 12');
insert into address (aid, address) values (2, '26 Mary Bow Lane, Dublin 1');
insert into address (aid, address) values (3, '12 DearPark Road, Dublin 8');
insert into address (aid, address) values (4, '78 Castlegate Way, Dublin 10');
insert into address (aid, address) values (5, '56 Temple Meads, Dublin 4');
insert into address (aid, address) values (6, '34 Oxford Lawns, Dublin 3');
insert into address (aid, address) values (7, '1 Vitoria Park Road, Dublin 6');
insert into address (aid, address) values (8, '25 Lakers Street, Dublin 16');
insert into address (aid, address) values (9, '99 Homeville Road, Dublin 24');
insert into address (aid, address) values (10, '178 Croydon Hill, Dublin 7');

insert into employee (id,department_id, fname, lname, add_id) values ( 1,1,'James','Smith',1);
insert into employee (id,department_id, fname, lname, add_id) values ( 2,2,'Michael','Garcia',2);
insert into employee (id,department_id, fname, lname, add_id) values ( 3,3,'Robert ','Dpwney',3);
insert into employee (id,department_id, fname, lname, add_id) values ( 4,4,'Maria',' Elle',4);
insert into employee (id,department_id, fname, lname, add_id) values ( 5,1,'David ','Coolock',5);
insert into employee (id,department_id, fname, lname, add_id) values ( 6,2,'Taylor ','O Connor',6);
insert into employee (id,department_id, fname, lname, add_id) values ( 7,3,'Clark ','Kent',7);
insert into employee (id,department_id, fname, lname, add_id) values ( 8,4,'William ','Jeffery',8);
insert into employee (id,department_id, fname, lname, add_id) values ( 9,1,'Thomas',' Hammilton',9);
insert into employee (id,department_id, fname, lname, add_id) values ( 10,2,'Fred ',' Clause',10);

